img_id,page,path
I_00001,1,outputs/images/files/p001_xref2357.png
I_00002,1,outputs/images/files/p001_xref2355.png
I_00003,1,outputs/images/files/p001_xref2356.png
I_00004,1,outputs/images/files/p001_xref2358.png
I_00005,3,outputs/images/files/p003_xref7.png
I_00006,23,outputs/images/files/p023_xref68.png
I_00007,24,outputs/images/files/p024_xref72.png
I_00008,28,outputs/images/files/p028_xref85.png
I_00009,28,outputs/images/files/p028_xref87.png
I_00010,28,outputs/images/files/p028_xref89.png
I_00011,28,outputs/images/files/p028_xref90.png
I_00012,29,outputs/images/files/p029_xref94.png
I_00013,29,outputs/images/files/p029_xref95.png
I_00014,30,outputs/images/files/p030_xref99.png
I_00015,30,outputs/images/files/p030_xref100.png
I_00016,30,outputs/images/files/p030_xref101.png
I_00017,30,outputs/images/files/p030_xref102.png
I_00018,30,outputs/images/files/p030_xref103.png
I_00019,31,outputs/images/files/p031_xref107.png
I_00020,31,outputs/images/files/p031_xref108.png
I_00021,32,outputs/images/files/p032_xref115.png
I_00022,32,outputs/images/files/p032_xref116.png
I_00023,32,outputs/images/files/p032_xref117.png
I_00024,32,outputs/images/files/p032_xref118.png
I_00025,33,outputs/images/files/p033_xref122.png
I_00026,33,outputs/images/files/p033_xref123.png
I_00027,33,outputs/images/files/p033_xref124.png
I_00028,33,outputs/images/files/p033_xref125.png
I_00029,34,outputs/images/files/p034_xref129.png
I_00030,34,outputs/images/files/p034_xref130.png
I_00031,34,outputs/images/files/p034_xref131.png
I_00032,34,outputs/images/files/p034_xref132.png
I_00033,35,outputs/images/files/p035_xref136.png
I_00034,35,outputs/images/files/p035_xref137.png
I_00035,35,outputs/images/files/p035_xref138.png
I_00036,36,outputs/images/files/p036_xref142.png
I_00037,36,outputs/images/files/p036_xref143.png
I_00038,36,outputs/images/files/p036_xref144.png
I_00039,38,outputs/images/files/p038_xref151.png
I_00040,40,outputs/images/files/p040_xref158.png
I_00041,42,outputs/images/files/p042_xref165.png
I_00042,42,outputs/images/files/p042_xref166.png
I_00043,43,outputs/images/files/p043_xref170.png
I_00044,43,outputs/images/files/p043_xref171.png
I_00045,43,outputs/images/files/p043_xref172.png
I_00046,43,outputs/images/files/p043_xref173.png
I_00047,43,outputs/images/files/p043_xref2190.png
I_00048,46,outputs/images/files/p046_xref183.png
I_00049,47,outputs/images/files/p047_xref187.png
I_00050,51,outputs/images/files/p051_xref200.png
I_00051,51,outputs/images/files/p051_xref201.png
I_00052,51,outputs/images/files/p051_xref202.png
I_00053,52,outputs/images/files/p052_xref206.png
I_00054,52,outputs/images/files/p052_xref207.png
I_00055,52,outputs/images/files/p052_xref208.png
I_00056,52,outputs/images/files/p052_xref209.png
I_00057,53,outputs/images/files/p053_xref213.png
I_00058,53,outputs/images/files/p053_xref214.png
I_00059,53,outputs/images/files/p053_xref215.png
I_00060,53,outputs/images/files/p053_xref216.png
I_00061,53,outputs/images/files/p053_xref217.png
I_00062,54,outputs/images/files/p054_xref221.png
I_00063,54,outputs/images/files/p054_xref222.png
I_00064,55,outputs/images/files/p055_xref226.png
I_00065,56,outputs/images/files/p056_xref230.png
I_00066,56,outputs/images/files/p056_xref231.png
I_00067,56,outputs/images/files/p056_xref232.png
I_00068,56,outputs/images/files/p056_xref233.png
I_00069,59,outputs/images/files/p059_xref243.png
I_00070,65,outputs/images/files/p065_xref262.png
I_00071,66,outputs/images/files/p066_xref266.png
I_00072,66,outputs/images/files/p066_xref267.png
I_00073,66,outputs/images/files/p066_xref268.png
I_00074,67,outputs/images/files/p067_xref272.png
I_00075,68,outputs/images/files/p068_xref276.png
I_00076,68,outputs/images/files/p068_xref277.png
I_00077,68,outputs/images/files/p068_xref278.png
I_00078,68,outputs/images/files/p068_xref279.png
I_00079,68,outputs/images/files/p068_xref280.png
I_00080,69,outputs/images/files/p069_xref284.png
I_00081,71,outputs/images/files/p071_xref291.png
I_00082,71,outputs/images/files/p071_xref292.png
I_00083,71,outputs/images/files/p071_xref293.png
I_00084,71,outputs/images/files/p071_xref294.png
I_00085,71,outputs/images/files/p071_xref295.png
I_00086,72,outputs/images/files/p072_xref299.png
I_00087,72,outputs/images/files/p072_xref300.png
I_00088,72,outputs/images/files/p072_xref301.png
I_00089,72,outputs/images/files/p072_xref302.png
I_00090,72,outputs/images/files/p072_xref303.png
I_00091,73,outputs/images/files/p073_xref307.png
I_00092,73,outputs/images/files/p073_xref308.png
I_00093,73,outputs/images/files/p073_xref309.png
I_00094,73,outputs/images/files/p073_xref310.png
I_00095,74,outputs/images/files/p074_xref314.png
I_00096,75,outputs/images/files/p075_xref318.png
I_00097,75,outputs/images/files/p075_xref320.png
I_00098,75,outputs/images/files/p075_xref321.png
I_00099,77,outputs/images/files/p077_xref328.png
I_00100,79,outputs/images/files/p079_xref335.png
I_00101,79,outputs/images/files/p079_xref336.png
I_00102,79,outputs/images/files/p079_xref337.png
I_00103,80,outputs/images/files/p080_xref341.png
I_00104,80,outputs/images/files/p080_xref342.png
I_00105,81,outputs/images/files/p081_xref346.png
I_00106,81,outputs/images/files/p081_xref347.png
I_00107,81,outputs/images/files/p081_xref348.png
I_00108,81,outputs/images/files/p081_xref349.png
I_00109,82,outputs/images/files/p082_xref353.png
I_00110,82,outputs/images/files/p082_xref354.png
I_00111,83,outputs/images/files/p083_xref358.png
I_00112,83,outputs/images/files/p083_xref359.png
I_00113,83,outputs/images/files/p083_xref360.png
I_00114,84,outputs/images/files/p084_xref364.png
I_00115,84,outputs/images/files/p084_xref365.png
I_00116,84,outputs/images/files/p084_xref366.png
I_00117,85,outputs/images/files/p085_xref370.png
I_00118,85,outputs/images/files/p085_xref371.png
I_00119,86,outputs/images/files/p086_xref375.png
I_00120,86,outputs/images/files/p086_xref376.png
I_00121,87,outputs/images/files/p087_xref381.png
I_00122,88,outputs/images/files/p088_xref385.png
I_00123,88,outputs/images/files/p088_xref386.png
I_00124,88,outputs/images/files/p088_xref387.png
I_00125,89,outputs/images/files/p089_xref391.png
I_00126,89,outputs/images/files/p089_xref392.png
I_00127,89,outputs/images/files/p089_xref393.png
I_00128,89,outputs/images/files/p089_xref394.png
I_00129,90,outputs/images/files/p090_xref398.png
I_00130,90,outputs/images/files/p090_xref399.png
I_00131,91,outputs/images/files/p091_xref403.png
I_00132,92,outputs/images/files/p092_xref407.png
I_00133,93,outputs/images/files/p093_xref411.png
I_00134,94,outputs/images/files/p094_xref415.png
I_00135,98,outputs/images/files/p098_xref428.png
I_00136,99,outputs/images/files/p099_xref432.png
I_00137,99,outputs/images/files/p099_xref433.png
I_00138,99,outputs/images/files/p099_xref434.png
I_00139,101,outputs/images/files/p101_xref442.png
I_00140,101,outputs/images/files/p101_xref443.png
I_00141,102,outputs/images/files/p102_xref447.png
I_00142,102,outputs/images/files/p102_xref448.png
I_00143,102,outputs/images/files/p102_xref449.png
I_00144,103,outputs/images/files/p103_xref453.png
I_00145,111,outputs/images/files/p111_xref508.png
I_00146,111,outputs/images/files/p111_xref509.png
I_00147,119,outputs/images/files/p119_xref534.png
I_00148,120,outputs/images/files/p120_xref538.png
I_00149,120,outputs/images/files/p120_xref539.png
I_00150,120,outputs/images/files/p120_xref540.png
I_00151,120,outputs/images/files/p120_xref541.png
I_00152,121,outputs/images/files/p121_xref545.png
I_00153,121,outputs/images/files/p121_xref546.png
I_00154,121,outputs/images/files/p121_xref547.png
I_00155,121,outputs/images/files/p121_xref548.png
I_00156,122,outputs/images/files/p122_xref553.png
I_00157,122,outputs/images/files/p122_xref554.png
I_00158,122,outputs/images/files/p122_xref555.png
I_00159,123,outputs/images/files/p123_xref559.png
I_00160,124,outputs/images/files/p124_xref563.png
I_00161,125,outputs/images/files/p125_xref567.png
I_00162,125,outputs/images/files/p125_xref568.png
I_00163,125,outputs/images/files/p125_xref569.png
I_00164,126,outputs/images/files/p126_xref573.png
I_00165,126,outputs/images/files/p126_xref574.png
I_00166,126,outputs/images/files/p126_xref575.png
I_00167,126,outputs/images/files/p126_xref576.png
I_00168,127,outputs/images/files/p127_xref580.png
I_00169,128,outputs/images/files/p128_xref584.png
I_00170,128,outputs/images/files/p128_xref585.png
I_00171,129,outputs/images/files/p129_xref589.png
I_00172,132,outputs/images/files/p132_xref599.png
I_00173,132,outputs/images/files/p132_xref600.png
I_00174,132,outputs/images/files/p132_xref601.png
I_00175,132,outputs/images/files/p132_xref602.png
I_00176,133,outputs/images/files/p133_xref606.png
I_00177,133,outputs/images/files/p133_xref607.png
I_00178,133,outputs/images/files/p133_xref608.png
I_00179,133,outputs/images/files/p133_xref609.png
I_00180,134,outputs/images/files/p134_xref613.png
I_00181,136,outputs/images/files/p136_xref620.png
I_00182,137,outputs/images/files/p137_xref624.png
I_00183,137,outputs/images/files/p137_xref625.png
I_00184,137,outputs/images/files/p137_xref2157.png
I_00185,137,outputs/images/files/p137_xref626.png
I_00186,144,outputs/images/files/p144_xref648.png
I_00187,144,outputs/images/files/p144_xref649.png
I_00188,144,outputs/images/files/p144_xref650.png
I_00189,144,outputs/images/files/p144_xref651.png
I_00190,144,outputs/images/files/p144_xref652.png
I_00191,144,outputs/images/files/p144_xref653.png
I_00192,144,outputs/images/files/p144_xref654.png
I_00193,144,outputs/images/files/p144_xref655.png
I_00194,144,outputs/images/files/p144_xref657.png
I_00195,144,outputs/images/files/p144_xref658.png
I_00196,144,outputs/images/files/p144_xref659.png
I_00197,144,outputs/images/files/p144_xref660.png
I_00198,144,outputs/images/files/p144_xref661.png
I_00199,144,outputs/images/files/p144_xref662.png
I_00200,144,outputs/images/files/p144_xref663.png
I_00201,144,outputs/images/files/p144_xref664.png
I_00202,144,outputs/images/files/p144_xref665.png
I_00203,144,outputs/images/files/p144_xref666.png
I_00204,144,outputs/images/files/p144_xref669.png
I_00205,144,outputs/images/files/p144_xref670.png
I_00206,145,outputs/images/files/p145_xref699.png
I_00207,145,outputs/images/files/p145_xref700.png
I_00208,145,outputs/images/files/p145_xref701.png
I_00209,145,outputs/images/files/p145_xref702.png
I_00210,145,outputs/images/files/p145_xref703.png
I_00211,145,outputs/images/files/p145_xref704.png
I_00212,145,outputs/images/files/p145_xref705.png
I_00213,146,outputs/images/files/p146_xref709.png
I_00214,146,outputs/images/files/p146_xref710.png
I_00215,146,outputs/images/files/p146_xref711.png
I_00216,146,outputs/images/files/p146_xref712.png
I_00217,147,outputs/images/files/p147_xref716.png
I_00218,147,outputs/images/files/p147_xref717.png
I_00219,147,outputs/images/files/p147_xref718.png
I_00220,147,outputs/images/files/p147_xref720.png
I_00221,147,outputs/images/files/p147_xref721.png
I_00222,148,outputs/images/files/p148_xref725.png
I_00223,148,outputs/images/files/p148_xref726.png
I_00224,148,outputs/images/files/p148_xref727.png
I_00225,149,outputs/images/files/p149_xref732.png
I_00226,149,outputs/images/files/p149_xref733.png
I_00227,149,outputs/images/files/p149_xref734.png
I_00228,149,outputs/images/files/p149_xref736.png
I_00229,150,outputs/images/files/p150_xref740.png
I_00230,150,outputs/images/files/p150_xref741.png
I_00231,150,outputs/images/files/p150_xref742.png
I_00232,150,outputs/images/files/p150_xref743.png
I_00233,151,outputs/images/files/p151_xref747.png
I_00234,151,outputs/images/files/p151_xref748.png
I_00235,151,outputs/images/files/p151_xref749.png
I_00236,151,outputs/images/files/p151_xref750.png
I_00237,152,outputs/images/files/p152_xref754.png
I_00238,152,outputs/images/files/p152_xref755.png
I_00239,152,outputs/images/files/p152_xref756.png
I_00240,152,outputs/images/files/p152_xref757.png
I_00241,153,outputs/images/files/p153_xref761.png
I_00242,153,outputs/images/files/p153_xref762.png
I_00243,153,outputs/images/files/p153_xref763.png
I_00244,153,outputs/images/files/p153_xref764.png
I_00245,154,outputs/images/files/p154_xref768.png
I_00246,154,outputs/images/files/p154_xref769.png
I_00247,155,outputs/images/files/p155_xref773.png
I_00248,155,outputs/images/files/p155_xref774.png
I_00249,155,outputs/images/files/p155_xref775.png
I_00250,156,outputs/images/files/p156_xref779.png
I_00251,156,outputs/images/files/p156_xref780.png
I_00252,156,outputs/images/files/p156_xref781.png
I_00253,156,outputs/images/files/p156_xref782.png
I_00254,157,outputs/images/files/p157_xref786.png
I_00255,157,outputs/images/files/p157_xref787.png
I_00256,157,outputs/images/files/p157_xref788.png
I_00257,157,outputs/images/files/p157_xref790.png
I_00258,158,outputs/images/files/p158_xref795.png
I_00259,158,outputs/images/files/p158_xref796.png
I_00260,159,outputs/images/files/p159_xref800.png
I_00261,159,outputs/images/files/p159_xref801.png
I_00262,159,outputs/images/files/p159_xref802.png
I_00263,160,outputs/images/files/p160_xref806.png
I_00264,160,outputs/images/files/p160_xref807.png
I_00265,162,outputs/images/files/p162_xref814.png
I_00266,162,outputs/images/files/p162_xref815.png
I_00267,162,outputs/images/files/p162_xref816.png
I_00268,163,outputs/images/files/p163_xref820.png
I_00269,163,outputs/images/files/p163_xref821.png
I_00270,164,outputs/images/files/p164_xref825.png
I_00271,165,outputs/images/files/p165_xref829.png
I_00272,166,outputs/images/files/p166_xref833.png
I_00273,167,outputs/images/files/p167_xref837.png
I_00274,167,outputs/images/files/p167_xref839.png
I_00275,168,outputs/images/files/p168_xref844.png
I_00276,170,outputs/images/files/p170_xref852.png
I_00277,171,outputs/images/files/p171_xref856.png
I_00278,171,outputs/images/files/p171_xref857.png
I_00279,173,outputs/images/files/p173_xref864.png
I_00280,173,outputs/images/files/p173_xref865.png
I_00281,173,outputs/images/files/p173_xref866.png
I_00282,174,outputs/images/files/p174_xref870.png
I_00283,174,outputs/images/files/p174_xref871.png
I_00284,174,outputs/images/files/p174_xref872.png
I_00285,175,outputs/images/files/p175_xref876.png
I_00286,175,outputs/images/files/p175_xref877.png
I_00287,176,outputs/images/files/p176_xref881.png
I_00288,178,outputs/images/files/p178_xref888.png
I_00289,178,outputs/images/files/p178_xref889.png
I_00290,179,outputs/images/files/p179_xref893.png
I_00291,179,outputs/images/files/p179_xref894.png
I_00292,179,outputs/images/files/p179_xref895.png
I_00293,181,outputs/images/files/p181_xref902.png
I_00294,181,outputs/images/files/p181_xref904.png
I_00295,181,outputs/images/files/p181_xref905.png
I_00296,183,outputs/images/files/p183_xref912.png
I_00297,183,outputs/images/files/p183_xref913.png
I_00298,184,outputs/images/files/p184_xref917.png
I_00299,186,outputs/images/files/p186_xref924.png
I_00300,186,outputs/images/files/p186_xref925.png
I_00301,187,outputs/images/files/p187_xref929.png
I_00302,187,outputs/images/files/p187_xref930.png
I_00303,187,outputs/images/files/p187_xref931.png
I_00304,187,outputs/images/files/p187_xref932.png
I_00305,188,outputs/images/files/p188_xref936.png
I_00306,188,outputs/images/files/p188_xref937.png
I_00307,188,outputs/images/files/p188_xref938.png
I_00308,191,outputs/images/files/p191_xref948.png
I_00309,191,outputs/images/files/p191_xref949.png
I_00310,191,outputs/images/files/p191_xref950.png
I_00311,191,outputs/images/files/p191_xref951.png
I_00312,191,outputs/images/files/p191_xref952.png
I_00313,191,outputs/images/files/p191_xref953.png
I_00314,191,outputs/images/files/p191_xref954.png
I_00315,191,outputs/images/files/p191_xref955.png
I_00316,191,outputs/images/files/p191_xref956.png
I_00317,191,outputs/images/files/p191_xref957.png
I_00318,191,outputs/images/files/p191_xref958.png
I_00319,191,outputs/images/files/p191_xref959.png
I_00320,192,outputs/images/files/p192_xref963.png
I_00321,192,outputs/images/files/p192_xref964.png
I_00322,192,outputs/images/files/p192_xref965.png
I_00323,192,outputs/images/files/p192_xref966.png
I_00324,192,outputs/images/files/p192_xref967.png
I_00325,192,outputs/images/files/p192_xref968.png
I_00326,192,outputs/images/files/p192_xref969.png
I_00327,192,outputs/images/files/p192_xref970.png
I_00328,192,outputs/images/files/p192_xref971.png
I_00329,193,outputs/images/files/p193_xref975.png
I_00330,193,outputs/images/files/p193_xref976.png
I_00331,193,outputs/images/files/p193_xref977.png
I_00332,193,outputs/images/files/p193_xref978.png
I_00333,193,outputs/images/files/p193_xref979.png
I_00334,193,outputs/images/files/p193_xref980.png
I_00335,193,outputs/images/files/p193_xref981.png
I_00336,193,outputs/images/files/p193_xref982.png
I_00337,193,outputs/images/files/p193_xref983.png
I_00338,193,outputs/images/files/p193_xref984.png
I_00339,193,outputs/images/files/p193_xref985.png
I_00340,196,outputs/images/files/p196_xref995.png
I_00341,196,outputs/images/files/p196_xref996.png
I_00342,196,outputs/images/files/p196_xref997.png
I_00343,197,outputs/images/files/p197_xref1001.png
I_00344,197,outputs/images/files/p197_xref1002.png
I_00345,197,outputs/images/files/p197_xref1003.png
I_00346,197,outputs/images/files/p197_xref1004.png
I_00347,198,outputs/images/files/p198_xref1008.png
I_00348,198,outputs/images/files/p198_xref1009.png
I_00349,199,outputs/images/files/p199_xref1013.png
I_00350,199,outputs/images/files/p199_xref1014.png
I_00351,199,outputs/images/files/p199_xref1015.png
I_00352,199,outputs/images/files/p199_xref1016.png
I_00353,201,outputs/images/files/p201_xref1023.png
I_00354,201,outputs/images/files/p201_xref1024.png
I_00355,201,outputs/images/files/p201_xref1025.png
I_00356,201,outputs/images/files/p201_xref1026.png
I_00357,202,outputs/images/files/p202_xref1030.png
I_00358,202,outputs/images/files/p202_xref1031.png
I_00359,202,outputs/images/files/p202_xref1032.png
I_00360,203,outputs/images/files/p203_xref1037.png
I_00361,203,outputs/images/files/p203_xref1038.png
I_00362,203,outputs/images/files/p203_xref1039.png
I_00363,203,outputs/images/files/p203_xref1041.png
I_00364,203,outputs/images/files/p203_xref1042.png
I_00365,204,outputs/images/files/p204_xref1046.png
I_00366,204,outputs/images/files/p204_xref1047.png
I_00367,205,outputs/images/files/p205_xref1052.png
I_00368,206,outputs/images/files/p206_xref1056.png
I_00369,208,outputs/images/files/p208_xref1063.png
I_00370,210,outputs/images/files/p210_xref1070.png
I_00371,210,outputs/images/files/p210_xref1071.png
I_00372,210,outputs/images/files/p210_xref1072.png
I_00373,210,outputs/images/files/p210_xref1073.png
I_00374,210,outputs/images/files/p210_xref1074.png
I_00375,211,outputs/images/files/p211_xref1078.png
I_00376,211,outputs/images/files/p211_xref1079.png
I_00377,211,outputs/images/files/p211_xref1080.png
I_00378,211,outputs/images/files/p211_xref1081.png
I_00379,211,outputs/images/files/p211_xref1082.png
I_00380,212,outputs/images/files/p212_xref1086.png
I_00381,212,outputs/images/files/p212_xref1087.png
I_00382,212,outputs/images/files/p212_xref1088.png
I_00383,213,outputs/images/files/p213_xref1092.png
I_00384,213,outputs/images/files/p213_xref1093.png
I_00385,213,outputs/images/files/p213_xref1094.png
I_00386,216,outputs/images/files/p216_xref1104.png
I_00387,217,outputs/images/files/p217_xref1108.png
I_00388,218,outputs/images/files/p218_xref1112.png
I_00389,219,outputs/images/files/p219_xref1116.png
I_00390,219,outputs/images/files/p219_xref1117.png
I_00391,220,outputs/images/files/p220_xref1121.png
I_00392,220,outputs/images/files/p220_xref1122.png
I_00393,221,outputs/images/files/p221_xref1126.png
I_00394,222,outputs/images/files/p222_xref1131.png
I_00395,223,outputs/images/files/p223_xref1135.png
I_00396,223,outputs/images/files/p223_xref1136.png
I_00397,224,outputs/images/files/p224_xref1140.png
I_00398,225,outputs/images/files/p225_xref1144.png
I_00399,225,outputs/images/files/p225_xref1145.png
I_00400,225,outputs/images/files/p225_xref1146.png
I_00401,226,outputs/images/files/p226_xref1150.png
I_00402,226,outputs/images/files/p226_xref1151.png
I_00403,226,outputs/images/files/p226_xref1152.png
I_00404,229,outputs/images/files/p229_xref1162.png
I_00405,229,outputs/images/files/p229_xref1163.png
I_00406,233,outputs/images/files/p233_xref1176.png
I_00407,233,outputs/images/files/p233_xref1177.png
I_00408,233,outputs/images/files/p233_xref1178.png
I_00409,234,outputs/images/files/p234_xref1183.png
I_00410,234,outputs/images/files/p234_xref1184.png
I_00411,234,outputs/images/files/p234_xref1185.png
I_00412,234,outputs/images/files/p234_xref1186.png
I_00413,235,outputs/images/files/p235_xref1190.png
I_00414,235,outputs/images/files/p235_xref1191.png
I_00415,235,outputs/images/files/p235_xref1192.png
I_00416,238,outputs/images/files/p238_xref1202.png
I_00417,238,outputs/images/files/p238_xref1204.png
I_00418,238,outputs/images/files/p238_xref1205.png
I_00419,238,outputs/images/files/p238_xref1206.png
I_00420,238,outputs/images/files/p238_xref1207.png
I_00421,240,outputs/images/files/p240_xref1214.png
I_00422,240,outputs/images/files/p240_xref1216.png
I_00423,240,outputs/images/files/p240_xref1218.png
I_00424,241,outputs/images/files/p241_xref1223.png
I_00425,241,outputs/images/files/p241_xref1224.png
I_00426,241,outputs/images/files/p241_xref1226.png
I_00427,247,outputs/images/files/p247_xref1245.png
I_00428,247,outputs/images/files/p247_xref1246.png
I_00429,247,outputs/images/files/p247_xref2190.png
I_00430,247,outputs/images/files/p247_xref1247.png
I_00431,248,outputs/images/files/p248_xref1251.png
I_00432,251,outputs/images/files/p251_xref1261.png
I_00433,251,outputs/images/files/p251_xref1262.png
I_00434,252,outputs/images/files/p252_xref1266.png
I_00435,253,outputs/images/files/p253_xref1270.png
I_00436,254,outputs/images/files/p254_xref1274.png
I_00437,254,outputs/images/files/p254_xref1275.png
I_00438,255,outputs/images/files/p255_xref1279.png
I_00439,255,outputs/images/files/p255_xref1280.png
I_00440,255,outputs/images/files/p255_xref1281.png
I_00441,256,outputs/images/files/p256_xref1285.png
I_00442,256,outputs/images/files/p256_xref1286.png
I_00443,256,outputs/images/files/p256_xref1287.png
I_00444,256,outputs/images/files/p256_xref1288.png
I_00445,256,outputs/images/files/p256_xref1289.png
I_00446,256,outputs/images/files/p256_xref1290.png
I_00447,257,outputs/images/files/p257_xref1294.png
I_00448,257,outputs/images/files/p257_xref1295.png
I_00449,257,outputs/images/files/p257_xref1296.png
I_00450,257,outputs/images/files/p257_xref1297.png
I_00451,258,outputs/images/files/p258_xref1301.png
I_00452,258,outputs/images/files/p258_xref1302.png
I_00453,258,outputs/images/files/p258_xref1303.png
I_00454,258,outputs/images/files/p258_xref1304.png
I_00455,259,outputs/images/files/p259_xref1308.png
I_00456,259,outputs/images/files/p259_xref1309.png
I_00457,259,outputs/images/files/p259_xref1310.png
I_00458,259,outputs/images/files/p259_xref1311.png
I_00459,260,outputs/images/files/p260_xref1315.png
I_00460,260,outputs/images/files/p260_xref1316.png
I_00461,260,outputs/images/files/p260_xref1317.png
I_00462,260,outputs/images/files/p260_xref1318.png
I_00463,262,outputs/images/files/p262_xref1325.png
I_00464,262,outputs/images/files/p262_xref1326.png
I_00465,262,outputs/images/files/p262_xref1327.png
I_00466,263,outputs/images/files/p263_xref1331.png
I_00467,263,outputs/images/files/p263_xref1332.png
I_00468,264,outputs/images/files/p264_xref1336.png
I_00469,264,outputs/images/files/p264_xref1337.png
I_00470,264,outputs/images/files/p264_xref1338.png
I_00471,265,outputs/images/files/p265_xref1342.png
I_00472,265,outputs/images/files/p265_xref1343.png
I_00473,267,outputs/images/files/p267_xref1350.png
I_00474,267,outputs/images/files/p267_xref1351.png
I_00475,268,outputs/images/files/p268_xref1356.png
I_00476,268,outputs/images/files/p268_xref1357.png
I_00477,269,outputs/images/files/p269_xref1361.png
I_00478,269,outputs/images/files/p269_xref1362.png
I_00479,269,outputs/images/files/p269_xref1363.png
I_00480,269,outputs/images/files/p269_xref1364.png
I_00481,269,outputs/images/files/p269_xref1365.png
I_00482,270,outputs/images/files/p270_xref1370.png
I_00483,270,outputs/images/files/p270_xref1371.png
I_00484,270,outputs/images/files/p270_xref1372.png
I_00485,271,outputs/images/files/p271_xref1376.png
I_00486,272,outputs/images/files/p272_xref1380.png
I_00487,272,outputs/images/files/p272_xref1381.png
I_00488,272,outputs/images/files/p272_xref1382.png
I_00489,273,outputs/images/files/p273_xref1386.png
I_00490,273,outputs/images/files/p273_xref1387.png
I_00491,273,outputs/images/files/p273_xref1388.png
I_00492,273,outputs/images/files/p273_xref1389.png
I_00493,274,outputs/images/files/p274_xref1393.png
I_00494,274,outputs/images/files/p274_xref1394.png
I_00495,275,outputs/images/files/p275_xref1398.png
I_00496,275,outputs/images/files/p275_xref1399.png
I_00497,276,outputs/images/files/p276_xref1403.png
I_00498,277,outputs/images/files/p277_xref2157.png
I_00499,277,outputs/images/files/p277_xref1407.png
I_00500,278,outputs/images/files/p278_xref1411.png
I_00501,278,outputs/images/files/p278_xref1413.png
I_00502,278,outputs/images/files/p278_xref1415.png
I_00503,279,outputs/images/files/p279_xref1419.png
I_00504,279,outputs/images/files/p279_xref1420.png
I_00505,280,outputs/images/files/p280_xref1424.png
I_00506,280,outputs/images/files/p280_xref1425.png
I_00507,280,outputs/images/files/p280_xref1426.png
I_00508,280,outputs/images/files/p280_xref1427.png
I_00509,280,outputs/images/files/p280_xref1428.png
I_00510,281,outputs/images/files/p281_xref1432.png
I_00511,281,outputs/images/files/p281_xref1433.png
I_00512,281,outputs/images/files/p281_xref1434.png
I_00513,281,outputs/images/files/p281_xref1435.png
I_00514,281,outputs/images/files/p281_xref1436.png
I_00515,281,outputs/images/files/p281_xref1437.png
I_00516,281,outputs/images/files/p281_xref1438.png
I_00517,282,outputs/images/files/p282_xref1442.png
I_00518,282,outputs/images/files/p282_xref1444.png
I_00519,282,outputs/images/files/p282_xref1445.png
I_00520,282,outputs/images/files/p282_xref1446.png
I_00521,283,outputs/images/files/p283_xref1450.png
I_00522,283,outputs/images/files/p283_xref1451.png
I_00523,284,outputs/images/files/p284_xref1455.png
I_00524,285,outputs/images/files/p285_xref1459.png
I_00525,285,outputs/images/files/p285_xref1460.png
I_00526,287,outputs/images/files/p287_xref1467.png
I_00527,287,outputs/images/files/p287_xref1468.png
I_00528,290,outputs/images/files/p290_xref1478.png
I_00529,292,outputs/images/files/p292_xref1485.png
I_00530,293,outputs/images/files/p293_xref1489.png
I_00531,293,outputs/images/files/p293_xref1490.png
I_00532,293,outputs/images/files/p293_xref1491.png
I_00533,294,outputs/images/files/p294_xref1495.png
I_00534,294,outputs/images/files/p294_xref1496.png
I_00535,294,outputs/images/files/p294_xref1498.png
I_00536,295,outputs/images/files/p295_xref1502.png
I_00537,295,outputs/images/files/p295_xref1503.png
I_00538,298,outputs/images/files/p298_xref1513.png
I_00539,298,outputs/images/files/p298_xref1514.png
I_00540,298,outputs/images/files/p298_xref1515.png
I_00541,299,outputs/images/files/p299_xref1519.png
I_00542,300,outputs/images/files/p300_xref1523.png
I_00543,302,outputs/images/files/p302_xref1530.png
I_00544,302,outputs/images/files/p302_xref1531.png
I_00545,302,outputs/images/files/p302_xref1532.png
I_00546,305,outputs/images/files/p305_xref1542.png
I_00547,305,outputs/images/files/p305_xref1543.png
I_00548,306,outputs/images/files/p306_xref1547.png
I_00549,306,outputs/images/files/p306_xref1548.png
I_00550,306,outputs/images/files/p306_xref1549.png
I_00551,306,outputs/images/files/p306_xref1550.png
I_00552,306,outputs/images/files/p306_xref1551.png
I_00553,306,outputs/images/files/p306_xref1553.png
I_00554,306,outputs/images/files/p306_xref1554.png
I_00555,307,outputs/images/files/p307_xref1560.png
I_00556,307,outputs/images/files/p307_xref1561.png
I_00557,308,outputs/images/files/p308_xref1565.png
I_00558,308,outputs/images/files/p308_xref1566.png
I_00559,308,outputs/images/files/p308_xref1567.png
I_00560,308,outputs/images/files/p308_xref1568.png
I_00561,308,outputs/images/files/p308_xref1569.png
I_00562,308,outputs/images/files/p308_xref1570.png
I_00563,308,outputs/images/files/p308_xref1571.png
I_00564,308,outputs/images/files/p308_xref1572.png
I_00565,309,outputs/images/files/p309_xref1576.png
I_00566,310,outputs/images/files/p310_xref1580.png
I_00567,310,outputs/images/files/p310_xref1581.png
I_00568,310,outputs/images/files/p310_xref1582.png
I_00569,310,outputs/images/files/p310_xref1583.png
I_00570,310,outputs/images/files/p310_xref1584.png
I_00571,310,outputs/images/files/p310_xref1585.png
I_00572,312,outputs/images/files/p312_xref1592.png
I_00573,312,outputs/images/files/p312_xref1593.png
I_00574,313,outputs/images/files/p313_xref1597.png
I_00575,313,outputs/images/files/p313_xref1599.png
I_00576,313,outputs/images/files/p313_xref1601.png
I_00577,314,outputs/images/files/p314_xref1605.png
I_00578,314,outputs/images/files/p314_xref1606.png
I_00579,314,outputs/images/files/p314_xref1607.png
I_00580,314,outputs/images/files/p314_xref1608.png
I_00581,315,outputs/images/files/p315_xref1612.png
I_00582,316,outputs/images/files/p316_xref1617.png
I_00583,316,outputs/images/files/p316_xref1618.png
I_00584,318,outputs/images/files/p318_xref1625.png
I_00585,318,outputs/images/files/p318_xref1626.png
I_00586,318,outputs/images/files/p318_xref1627.png
I_00587,319,outputs/images/files/p319_xref1631.png
I_00588,319,outputs/images/files/p319_xref1632.png
I_00589,319,outputs/images/files/p319_xref1633.png
I_00590,319,outputs/images/files/p319_xref1634.png
I_00591,320,outputs/images/files/p320_xref1638.png
I_00592,320,outputs/images/files/p320_xref1639.png
I_00593,320,outputs/images/files/p320_xref1640.png
I_00594,320,outputs/images/files/p320_xref1641.png
I_00595,321,outputs/images/files/p321_xref1645.png
I_00596,321,outputs/images/files/p321_xref1646.png
I_00597,321,outputs/images/files/p321_xref1647.png
I_00598,322,outputs/images/files/p322_xref1651.png
I_00599,322,outputs/images/files/p322_xref1652.png
I_00600,322,outputs/images/files/p322_xref1653.png
I_00601,322,outputs/images/files/p322_xref1654.png
I_00602,323,outputs/images/files/p323_xref1658.png
I_00603,323,outputs/images/files/p323_xref1659.png
I_00604,323,outputs/images/files/p323_xref1660.png
I_00605,324,outputs/images/files/p324_xref1664.png
I_00606,324,outputs/images/files/p324_xref1665.png
I_00607,324,outputs/images/files/p324_xref1666.png
I_00608,324,outputs/images/files/p324_xref1667.png
I_00609,325,outputs/images/files/p325_xref1671.png
I_00610,325,outputs/images/files/p325_xref1672.png
I_00611,325,outputs/images/files/p325_xref1673.png
I_00612,326,outputs/images/files/p326_xref1677.png
I_00613,326,outputs/images/files/p326_xref1678.png
I_00614,327,outputs/images/files/p327_xref1682.png
I_00615,327,outputs/images/files/p327_xref1683.png
I_00616,327,outputs/images/files/p327_xref1684.png
I_00617,327,outputs/images/files/p327_xref1685.png
I_00618,329,outputs/images/files/p329_xref1694.png
I_00619,329,outputs/images/files/p329_xref1695.png
I_00620,329,outputs/images/files/p329_xref1696.png
I_00621,329,outputs/images/files/p329_xref1697.png
I_00622,330,outputs/images/files/p330_xref1701.png
I_00623,332,outputs/images/files/p332_xref1709.png
I_00624,335,outputs/images/files/p335_xref1719.png
I_00625,335,outputs/images/files/p335_xref1720.png
I_00626,335,outputs/images/files/p335_xref1721.png
I_00627,335,outputs/images/files/p335_xref1722.png
I_00628,336,outputs/images/files/p336_xref1726.png
I_00629,346,outputs/images/files/p346_xref1757.png
I_00630,346,outputs/images/files/p346_xref1758.png
I_00631,346,outputs/images/files/p346_xref1759.png
I_00632,347,outputs/images/files/p347_xref1763.png
I_00633,347,outputs/images/files/p347_xref1771.png
I_00634,347,outputs/images/files/p347_xref1772.png
I_00635,348,outputs/images/files/p348_xref1784.png
I_00636,354,outputs/images/files/p354_xref1803.png
I_00637,354,outputs/images/files/p354_xref1804.png
I_00638,356,outputs/images/files/p356_xref1823.png
I_00639,356,outputs/images/files/p356_xref1824.png
I_00640,356,outputs/images/files/p356_xref1827.png
I_00641,357,outputs/images/files/p357_xref1833.png
I_00642,357,outputs/images/files/p357_xref1834.png
I_00643,357,outputs/images/files/p357_xref1835.png
I_00644,357,outputs/images/files/p357_xref1836.png
I_00645,357,outputs/images/files/p357_xref1837.png
I_00646,357,outputs/images/files/p357_xref1838.png
I_00647,357,outputs/images/files/p357_xref1839.png
I_00648,357,outputs/images/files/p357_xref1840.png
I_00649,358,outputs/images/files/p358_xref1844.png
I_00650,358,outputs/images/files/p358_xref1845.png
I_00651,360,outputs/images/files/p360_xref1852.png
I_00652,361,outputs/images/files/p361_xref1856.png
I_00653,398,outputs/images/files/p398_xref2357.png
I_00654,398,outputs/images/files/p398_xref2355.png
I_00655,398,outputs/images/files/p398_xref2356.png
I_00656,398,outputs/images/files/p398_xref2358.png
